VIN,Buyer_Name,Buyer_Gender,Buyer_Age,Buyer_City,Buyer_State,Loan_Taken,Sell_Date,Dealer_Name
OM79707835954,Brian Mills,Male,49,East Andreastad,California,Yes,6/6/2024,Greer-Berger
Iv02014798634,Brian Williams,Female,64,Lake Sharonmouth,California,No,11/16/2025,Parker-Williams
iA97153145765,Brenda Rogers,Female,31,Bruceshire,Florida,No,11/4/2024,"Davis, King and Clark"
HY18758222639,Mark Martinez,Male,62,Abigailmouth,Florida,Yes,7/19/2024,"Frye, Lambert and Martin"
cg66795356477,Julia Sloan,Male,38,Harrisonport,New York,No,6/12/2025,"King, Chapman and Buckley"
Wp22996912051,Morgan Osborne,Female,46,Hortonburgh,Texas,Yes,3/12/2025,Romero-Myers
Xx77919585425,Jerry Lawson,Female,30,Lisaville,New York,No,6/27/2024,Perry Group
uR45824638555,Laura Munoz,Male,30,New Tanner,California,Yes,10/17/2024,Wagner-Chavez
Ao59633738810,Eugene Williams,Male,40,Grantport,Florida,Yes,2/18/2025,Patterson-Sullivan
KR34051744987,Brian Brown,Male,48,Paulamouth,Florida,Yes,2/16/2026,"Burton, Thompson and Bright"
YW50390155649,Barbara Norris,Male,62,North Frederick,Texas,No,11/5/2024,Moore Inc
nG37062517180,Chloe Anderson,Female,26,East Jasontown,Florida,No,11/20/2025,"Jones, Bentley and Holmes"
nA02810824156,Briana Shields,Female,53,Estradachester,Texas,Yes,4/28/2025,"Barrett, Sawyer and Bass"
gO37300256975,Adrian Garcia,Male,64,Mendozaport,California,Yes,7/15/2025,Marsh LLC
fc91710950954,Tiffany Maldonado,Female,27,Daniellemouth,Florida,No,6/8/2025,Orr Inc
xo33402914060,Shane Jones,Female,42,New Pamela,Florida,Yes,11/21/2024,Rhodes Ltd
Ql46040959348,Brittney Hernandez DVM,Female,58,Jasonmouth,Florida,Yes,3/15/2025,Meyer-Bryant
nR76498157430,Timothy Martinez,Male,49,Duncanbury,Illinois,Yes,11/11/2024,Proctor Inc
Xo03525835983,Pam Gray,Female,63,Rileytown,New York,Yes,2/19/2026,Owens PLC
gk73166541364,Rachel Strong,Male,33,Floresburgh,Texas,No,12/25/2024,"Blackwell, Wilson and Young"
yc89116290152,Terri Yates,Male,63,Cooperburgh,New York,No,6/8/2024,Perez-Campos
xj58394474387,Emily Hopkins,Male,56,Shannonport,Illinois,Yes,5/6/2025,Perez-Gray
Wu87374889336,Melissa Campos,Male,56,Harrismouth,New York,No,11/22/2025,Anderson Ltd
Gq46018746931,Nicole Dunlap,Male,26,Mirandaport,Texas,No,12/2/2025,Cox-Roberts
hT38249347655,Christopher Berger,Female,30,Meghanmouth,Florida,No,5/14/2024,Beck-Campbell
Ed09961833532,Derek Knight,Female,61,North Robert,Illinois,Yes,7/10/2024,"Rhodes, Kelly and White"
uH45612095698,Victor Lamb,Female,41,Christopherberg,California,No,3/11/2025,Thompson LLC
of36269213990,Natasha Garcia,Female,40,West Coryberg,California,Yes,9/15/2025,"Tanner, Smith and Barber"
hx65960417859,Jill Hayes,Female,62,Dillonside,New York,Yes,6/22/2025,Rangel and Sons
eP35548737808,Dr. Justin Carlson,Male,27,Port Paulmouth,California,Yes,10/12/2024,Johnson PLC
Xt02969559366,Scott Williamson,Male,29,Stewartland,Illinois,No,9/16/2025,Shaw Ltd
Xw27807589378,Natalie Chandler,Male,26,Lake Meganville,New York,Yes,5/5/2025,Boyle-Williams
Fh78019101003,Amy Reed,Female,44,Ericaborough,Texas,No,6/3/2025,"Garcia, Roberts and Johnson"
sM80160109167,Anthony Avila,Female,61,East Alexandraberg,Florida,Yes,7/31/2024,"Miller, Simpson and Lewis"
gA59311430845,Cindy Patrick,Male,45,Matthewmouth,Texas,No,7/25/2024,Roth-Johnson
hk93713325170,Tyler Nelson,Male,32,Lake Heather,Illinois,No,7/27/2025,Stevens Ltd
WJ06398331821,Aaron English,Male,32,Port Jeffrey,California,No,8/11/2025,Maldonado LLC
qA84868263111,Taylor Grant,Female,63,Lake Cody,New York,Yes,10/1/2025,Castillo LLC
OY33669384071,Shane Anderson,Male,26,West Joshuahaven,Illinois,Yes,7/17/2024,Beltran LLC
pT29225265175,Jonathan King,Male,53,Lake Jeremy,California,No,2/6/2026,Mills-Le
DB57169128110,Brenda Jensen,Female,28,Burchfurt,Illinois,Yes,12/1/2025,Davis-Hernandez
UO11866184504,Kyle Roberts,Female,48,Andersonhaven,New York,Yes,9/21/2025,"Rivas, Thompson and Wilkins"
ik46613487368,Kimberly Wilson,Female,64,Joshualand,Florida,Yes,12/15/2025,"Gardner, Smith and Barber"
Yv67458950008,Gary Rubio,Male,52,Alexisberg,Illinois,Yes,9/1/2025,"Roy, Roberts and Braun"
OD23431893431,Madison Cohen,Male,52,East Laurenchester,Illinois,Yes,9/29/2025,Werner and Sons
ot10891413330,Garrett Erickson,Male,33,South Jesusville,Florida,Yes,6/7/2025,Jones-Bailey
Lk86212523644,Michael Hawkins,Female,38,South Jeremy,Florida,Yes,8/21/2024,"Walker, Jackson and Williams"
JL17672579690,Michael Sanchez,Male,58,New Jacquelineport,California,Yes,9/1/2024,"Goodman, Anderson and Mccoy"
nQ75749372507,Pamela Santos,Male,62,North Savannah,Florida,Yes,8/30/2025,Lee PLC
cf49305295544,Heather Kelley,Male,49,North Brittney,Florida,No,4/26/2025,Duncan-Ball
Cb31857268647,Nicole Jordan,Male,29,Alexisside,Texas,No,7/8/2025,"Phillips, Cunningham and Roberts"
Gn04814389026,Katherine Parrish,Male,36,East Davidborough,California,No,4/11/2025,Simpson and Sons
Ce29826495739,Andrea Woodward,Male,38,North Gregoryhaven,Florida,Yes,10/10/2025,Herrera-Larson
KT90264871122,Rebecca Wagner,Male,26,South Suzanne,Illinois,Yes,5/14/2025,Wilson-Lowe
Qq50733579322,Chris Hawkins,Male,31,North Carolshire,Florida,No,5/26/2025,Velez-Simpson
MJ60684343831,Christy Benson,Male,26,Ramosfort,New York,No,5/11/2026,Watson-Johnston
lq76185650464,David Anderson,Female,32,Geneberg,New York,No,2/22/2026,Mcguire-Cook
sh04183466154,Isaiah Maldonado,Male,31,West Samuelview,California,Yes,3/30/2026,"Page, Hayes and Jackson"
sZ44834830298,Elizabeth Ruiz,Male,61,East Andreaside,California,Yes,12/26/2025,Burns PLC
Id38931568242,Christina Bishop,Male,35,Williamston,New York,No,5/19/2024,Walker Ltd
aR83053656178,Matthew Ibarra,Male,54,Anastad,Texas,No,9/30/2024,Hill-Vaughn
Fx27465431396,Dustin Rojas,Female,24,Mariachester,Texas,No,6/26/2024,King Inc
WF48616208036,Teresa Jones,Male,45,North Michaelhaven,Florida,Yes,4/3/2026,"James, Lester and Edwards"
wz58640260903,James Palmer,Female,25,East Emily,Texas,Yes,4/28/2025,Turner LLC
WP36287725278,Jennifer Cantu,Male,60,Heatherchester,Florida,No,7/27/2024,Carter Group
Xk06147011580,Robert Murphy,Male,34,Castromouth,California,Yes,10/10/2025,"Allen, Wilson and Johnson"
kQ75374200546,Melanie Scott,Female,52,West Rebeccamouth,Illinois,Yes,2/21/2026,Sampson-Sanders
Dz95006088559,Daniel Lee,Female,60,Dunnbury,Florida,Yes,12/5/2025,Garrett-Smith
Fb83395932323,Mr. Carl Maxwell,Male,62,Joshuafurt,Florida,No,12/23/2024,Berger-Hogan
qW28987733010,Tiffany Baker,Female,31,Port Michaelhaven,Illinois,No,3/19/2025,Hancock-Adams
ck52220884598,Leslie Turner,Male,42,Johnsonmouth,California,Yes,4/23/2026,Lyons-Mccarthy
sH70329478727,Bonnie Herrera,Male,45,Port Katelyn,Texas,No,9/13/2025,"Hudson, Olsen and Merritt"
XR94425820433,Cynthia Thompson,Male,63,Port Jillton,New York,Yes,5/8/2026,Lee-James
Gq71052130524,Brent Flowers,Female,32,Willistown,California,No,5/18/2025,"Vaughn, Kelly and Jimenez"
XL71000477261,Rachel Jenkins,Female,33,East Joanneside,Texas,Yes,8/11/2025,Miller-Pruitt
Jz64066101702,Lisa Campbell,Male,60,East Shane,New York,Yes,3/5/2026,Long-Mckenzie
rJ20002576677,Tracey Dominguez,Female,38,North Joshua,Texas,Yes,10/17/2025,"Parks, Schultz and Murray"
KJ94892843468,David Rasmussen,Female,53,Fullerhaven,California,Yes,2/15/2025,Black-Barrett
pd40761985745,Danielle Mcdaniel,Male,51,South Billside,New York,Yes,5/24/2024,"Montoya, Stafford and Kennedy"
Ur20251319050,Eric Peterson,Female,31,Munozchester,Texas,Yes,4/2/2026,Taylor Ltd
Jb39040819357,Eric Gilbert,Male,44,Jordanport,Texas,No,3/31/2025,"Murphy, Ayala and Kirk"
GD26598674510,Amanda Bell,Male,54,North Eric,Texas,No,5/2/2025,Cline-Barton
rN28674322962,Karen Nolan,Female,25,East Angela,New York,Yes,6/2/2025,Flores Group
Bp75036777873,John Vega,Female,23,Lake Reneeville,Illinois,No,6/12/2025,"Alexander, Levy and Adams"
we41912363325,Doris Martinez,Male,36,Parkerport,California,No,3/31/2025,Bright-Brady
jc76034452300,Angelica Thompson,Male,37,Morganfort,Illinois,No,6/26/2024,Cooper-Briggs
zC42354463203,Nathaniel Munoz,Male,31,Garciamouth,New York,Yes,6/25/2025,"Parker, Wang and Davis"
XI26160492344,Walter Parker,Male,23,Port Johnton,New York,No,6/24/2024,Mullins-Carlson
ld22427397891,Mr. John Roman,Male,28,Wardstad,Texas,No,4/22/2026,"Page, Brown and Taylor"
Ai58853676738,Scott Harvey,Female,48,Johnside,Illinois,No,11/12/2025,Harvey-Vazquez
Ko27213821233,Patrick Beck,Female,53,Robertshire,California,No,1/24/2025,"Kim, Lopez and Fox"
OO39183566288,Ronald Sutton,Female,54,Claudiaburgh,Texas,Yes,5/30/2025,Dunlap-Young
mT87082263626,Susan Wright,Male,59,Rothberg,Texas,No,1/14/2026,"Herman, Wheeler and Blevins"
OK33305204903,Erika Richards,Female,35,Allenmouth,Florida,No,1/23/2026,"Cohen, Chavez and Johnson"
BX09630439879,Jonathon Shaffer,Male,52,Port Chad,Florida,Yes,10/31/2025,Anderson PLC
fw93285128211,Brandon Franklin,Male,39,North Roy,California,No,12/9/2025,Gilbert PLC
WQ82705615001,Emily Gilbert,Male,36,Hollowayborough,Texas,No,9/11/2024,Carter Inc
dM38272138861,Eric Stewart,Female,56,Lake Johnstad,Florida,Yes,10/5/2024,"Donovan, Jensen and Reynolds"
hV46021199714,Rebecca Hill,Female,60,South Dawnberg,Texas,No,6/27/2025,Roberts PLC
cG60004470831,Paul Daniel,Male,23,Port Zachary,Florida,No,10/6/2025,Hart-Brown
oG64876546083,Rachael Garcia,Female,48,North Sean,California,Yes,2/23/2026,"Mendez, West and Ortega"
Jp51551927831,Nathaniel Freeman,Female,31,East Carla,Texas,No,4/11/2025,Shaw-Garner
wh06697912592,Rebecca Tate,Female,31,West Donald,Florida,No,7/16/2024,"Hayes, Thompson and Rodgers"
ml93041661548,Tony Holt,Male,29,Powersview,Illinois,No,9/11/2025,Mccann-Jones
yY15586846787,Dustin Craig,Male,43,Abigailville,New York,No,2/7/2025,Dunn and Sons
LX07072855095,Ariana Mcpherson,Female,64,East Lindseytown,Illinois,Yes,4/8/2025,Lee PLC
GX86546660591,Julie White,Female,36,Ericamouth,Texas,No,10/13/2024,Jones-Harris
Up96086751288,Amy Peterson,Male,63,North Benjamin,Texas,No,4/20/2026,"Calderon, Crawford and Rivera"
qk78855774071,Melissa Elliott,Male,62,East Jeffreystad,California,No,1/7/2025,George PLC
wC04970565857,John Castro,Male,57,North Catherine,Illinois,Yes,10/31/2024,Sanders Inc
hg73174334430,Mr. Jordan Martinez,Male,55,South Allenland,New York,Yes,7/14/2024,"Kemp, Savage and Sanchez"
bn89276328128,Michael Copeland,Male,52,Carlfort,New York,No,3/30/2026,Dominguez-Fisher
rK48964146913,Yvonne Lopez,Male,29,Davidshire,California,No,12/20/2025,Conley-Hayes
FC09890722649,Charles Dodson,Female,47,North Michaelchester,New York,Yes,1/4/2026,Anderson Group
Ot37880244769,Donald Lopez,Female,47,Cassidymouth,California,Yes,6/23/2025,Gonzalez Group
bY15674869603,Joy Thompson,Female,55,Ronaldstad,Illinois,No,11/11/2025,Jordan-Holmes
RH69864927264,Angela Brady,Female,43,Kingville,New York,No,4/23/2025,Harrell-Smith
Fi32089564855,Ashley Reilly,Male,35,Sarachester,Florida,Yes,6/1/2025,Baker-Garcia
yZ53170090734,Eugene Fuller,Female,31,North Aaron,California,No,4/26/2025,Warren-Smith
jj60203015140,Heather Rogers,Female,40,Virginiastad,California,No,7/13/2024,"Alvarez, Kennedy and Williams"
sI89554159766,Jessica Calderon,Male,42,West Rose,Illinois,Yes,7/10/2025,Miller-Snow
Nx35989107288,Miranda Robbins,Female,65,West Kennethville,Texas,No,6/24/2024,Floyd and Sons
sm24701594748,Victoria Keller,Male,43,Millerfurt,Texas,No,11/8/2024,Gutierrez Inc
ba55037513560,Michelle Nguyen,Male,22,Russellmouth,Illinois,No,8/25/2024,House-Friedman
es07055624687,Katherine Harrell,Male,31,East Jessicaport,Florida,No,6/21/2024,Rogers-Frost
jS44609899629,Todd Foley,Male,30,New Sergio,New York,Yes,4/28/2026,Smith Ltd
oq82145234233,Timothy Jackson,Female,42,New Johnfurt,California,Yes,4/9/2025,"Salas, Cook and White"
vp62957753248,Samantha Brown,Male,34,North Edward,Illinois,No,11/16/2025,"Walker, Rodriguez and Crane"
hf76769431503,Michele Rose,Male,32,Calhounhaven,Florida,Yes,4/9/2026,Jones-Williams
yd38047336063,Kerri Williams PhD,Female,62,Hernandezville,Florida,Yes,6/19/2024,"Aguilar, Parsons and Mcguire"
nk82985801010,Jonathan Maddox,Female,41,East Richard,Florida,No,8/25/2025,"Kim, Carey and Davis"
bL34584109888,Walter Anderson,Female,62,Brittanyton,Texas,Yes,8/19/2025,Diaz Ltd
KD36893112185,Carlos Payne,Female,28,Ronaldland,California,No,7/10/2025,Anderson-Walker
Na15202941178,Stephanie Lucas,Male,38,West Mindy,Florida,No,6/11/2024,Turner Inc
Gd49177303117,Theresa Davidson,Male,58,New George,California,Yes,1/13/2026,Wright LLC
AF62400506533,Marc Harrington,Female,47,Ryanside,Florida,Yes,7/27/2024,"Johnson, Lee and Nelson"
tb46858118138,Debra Jones,Male,47,East Kendrachester,Texas,No,8/27/2025,Hall Inc
Xb39436144724,Lindsey Smith,Female,53,West Brentport,New York,No,8/27/2024,Garcia and Sons
hn83748011251,Scott Wall,Female,33,Port Tammyport,Florida,Yes,10/20/2025,Mendez PLC
Vx33745026137,Jack Meyer,Female,45,South Erikside,Texas,Yes,1/24/2025,Ryan-Hall
Io53521663687,Jenna White,Male,56,Jasonport,New York,No,3/4/2025,Frye-Miller
gR73239554845,Dr. Anthony Acevedo,Female,32,North Emily,Florida,No,8/26/2024,Williams Ltd
UQ84958024041,Denise Stewart,Female,44,Dixonbury,Florida,No,8/11/2024,"Powell, Tran and Farmer"
zB84928830027,Cathy Morris,Male,42,Aguilarfurt,Illinois,Yes,8/25/2025,Pratt-Krueger
ph31435848355,Victoria Harrington,Female,34,New David,New York,No,6/1/2024,Williams Inc
OA06304150344,Margaret Brown,Male,29,Lake Cheyenneville,New York,Yes,1/4/2026,Sanders Group
bo95046667216,Karen Roberts,Male,35,North Donna,California,Yes,5/30/2024,Gibbs-Owens
Um61297446275,Troy Price,Male,64,Hessmouth,Florida,Yes,8/28/2025,Blake Group
gZ63700732353,Susan Cooley,Male,37,South Dennis,Illinois,No,12/18/2025,"Graham, Hunt and Conway"
oa19498640493,Richard Lawrence,Male,48,Sophiaside,Illinois,Yes,11/16/2024,Stokes-Serrano
rn64202199445,Theresa Liu,Female,23,Lake Alexandermouth,Texas,Yes,2/13/2026,"Miller, Garza and Pennington"
GE29104480082,Christopher Lucas,Female,64,Fowlerview,Texas,Yes,1/2/2026,"Watson, Rice and Santiago"
yI23999286453,Michele Stephens,Male,30,Port David,Texas,No,2/13/2025,Perry-Schultz
Zi75956451239,Christy Cohen,Male,48,Wilsonbury,Illinois,Yes,4/27/2025,Lee PLC
ET82263366499,Stephanie Campbell,Male,37,South Angela,New York,No,2/6/2026,"Mills, Nichols and Ingram"
iD38214019548,Eric Mitchell,Female,63,West Jenniferbury,Texas,No,4/9/2026,"Martin, Luna and Bell"
Tj79371856990,Joseph Chambers,Female,44,West Erik,Illinois,Yes,4/24/2025,Young-Brown
jz16117204823,Daniel Ward,Male,41,New Destinyport,California,Yes,8/31/2025,"Martinez, Galvan and Bass"
hZ20842979569,Todd Lopez,Male,29,Nancyburgh,New York,Yes,9/19/2024,Vazquez LLC
iN41206658057,Nancy Beard,Male,64,Edwardsport,Illinois,No,11/8/2025,Lynn LLC
kH83262492360,Rebekah West,Female,57,East Wendyhaven,Texas,Yes,6/1/2025,Mathis-Sullivan
Zf72179316481,Kristin Garrison,Female,51,East Marie,New York,Yes,1/10/2026,"Vaughan, Herrera and Rodriguez"
oG20202849671,Holly Cole,Female,38,Robinsonstad,Florida,Yes,2/2/2026,Jones-Hansen
Kc63032728539,Sarah Rodriguez,Male,32,Franklintown,New York,Yes,6/21/2024,Rollins-Maxwell
kG42173945348,Whitney Spencer,Male,34,Williamhaven,New York,No,8/9/2024,Wilson-Leonard
oU48142537357,Jenna Mack,Female,65,Port Molly,New York,Yes,4/3/2025,Rodriguez-Stewart
iK16308145421,Paula Fisher,Female,46,South Coreyfurt,California,Yes,3/18/2026,"Collins, Smith and Harvey"
hc60484557242,Grace Bell,Female,45,New Melissa,California,Yes,7/22/2025,Hamilton Group
fI43408125453,William Frederick,Female,46,North Amyfort,Florida,Yes,11/21/2024,"Hall, Mathis and Mahoney"
xg38710103645,Austin Hernandez,Male,58,Williamsshire,Illinois,No,3/19/2025,George-Miller
ID55642123672,Jessica Bush,Male,56,Watsonborough,Illinois,No,8/11/2025,Jones-Roy
gV93118601287,Clarence Robinson,Female,38,New Ronaldfort,New York,Yes,8/30/2024,"Smith, James and Bender"
ly22135663405,Kristin Munoz,Male,30,West Rebeccaland,Florida,Yes,7/25/2025,"Hamilton, Cannon and Patterson"
QB18823402153,Kristin Wheeler,Male,63,Matthewton,New York,No,6/5/2025,Good and Sons
Wg48689911014,Keith Stokes,Female,24,West Tracyfurt,New York,Yes,3/6/2026,Lucas-Franco
GN76896395330,Vanessa Hayes,Female,45,Port Tanner,New York,No,11/19/2024,"Scott, White and Collins"
UG46186091689,Mary Jones,Female,47,Port Hannah,California,No,11/24/2024,"Clark, Mejia and Nolan"
XF77578277852,Ashley Smith,Male,34,Marieview,Florida,No,2/7/2025,Ray Group
lv94107943063,Robert Stewart,Male,36,Kurtport,Texas,No,5/3/2025,Wright LLC
aH73303456372,Kelsey Cox,Male,46,Port Samuelmouth,Illinois,Yes,12/10/2024,Morris and Sons
fI66557044725,Lindsey Ross,Male,25,West Kathy,Florida,Yes,6/6/2024,"Martinez, Mason and Bentley"
KK28699748128,Tracey Cobb,Male,29,East Shelley,California,No,3/25/2025,Owens-Wright
nh02070098275,Kathryn Johnson,Female,64,South Amandaburgh,Illinois,Yes,3/4/2026,Cross-Ross
OZ24969932090,Erin Sanders,Male,46,East Lacey,Illinois,Yes,12/22/2024,Arias Ltd
mn62603203047,Joshua Huynh,Male,22,Toddmouth,Florida,No,1/5/2025,"Steele, Mathews and Huynh"
cj84160294184,Brian Hartman,Male,29,Isabellafort,New York,No,6/19/2024,Hubbard-Wolf
Qe62898112717,Steven Robinson,Female,62,Rebeccaview,New York,Yes,6/22/2024,Thomas and Sons
RG30714583793,Timothy Ferguson,Male,50,Davidchester,California,No,9/28/2024,"Stevens, Cooper and Sexton"
pu03641620189,Marissa Atkins,Female,33,Port Raymondshire,California,No,9/4/2025,Burton Group
pR46688262542,Allison Le,Male,41,Ellisport,Illinois,Yes,11/5/2025,"Hernandez, Evans and Wright"
HF51468944787,Terry Daniel,Male,50,Port Kelly,Illinois,Yes,6/5/2025,Meyer LLC
cb77209331086,Jason Ramsey,Female,65,Watkinsstad,Illinois,No,3/14/2026,"Martinez, Heath and Williams"
iR64133230210,Jeffrey Byrd,Male,60,North Cynthiaport,California,Yes,10/8/2024,"Ford, Stone and Lowe"
mB04066925376,Matthew Rivera,Male,42,Port Franktown,Illinois,No,5/26/2024,Reyes-Parks
Fs85848070167,Michael Graham,Male,42,Smithshire,Illinois,No,3/16/2025,Aguilar LLC
vu61585855388,Emily Miller,Male,25,Thomaschester,Illinois,No,5/15/2024,Stewart PLC
xO73900598948,Brenda Carter,Female,43,Thompsonmouth,Texas,No,2/3/2025,"Adams, Nichols and Nguyen"
lb99234624380,Olivia Johnson,Female,22,Vincentton,California,Yes,11/5/2024,Oconnor-Gallagher
Zl96171443049,Laura Simmons,Male,42,Kevinhaven,Illinois,No,7/9/2024,"Martin, Parks and Chan"
zP02073492823,Debbie Escobar,Male,52,East Mistybury,California,No,3/19/2025,"Crane, Huber and Copeland"
Bn36438873573,Melissa Moore,Female,50,East Richard,New York,No,6/7/2025,"Bradford, Martin and Taylor"
ZQ14164309979,Melissa Anderson,Female,36,New Dawn,Illinois,No,9/15/2024,Price Ltd
Go24942469660,John Mckenzie DVM,Female,58,Alexanderfurt,Florida,No,12/25/2024,"Brewer, Collins and Watts"
Zj98881572600,Regina Mcdaniel,Female,30,Port Davidfort,Texas,Yes,9/7/2024,Martinez-Cowan
ep18316483677,Vickie Thornton,Female,24,Sextonborough,New York,Yes,4/26/2025,"Garcia, Quinn and Perez"
ct30607956875,Jason Donovan,Male,34,Scottport,California,Yes,5/6/2025,Mccormick-Silva
lP67195796902,Jennifer Mahoney DDS,Male,50,Port Angela,California,Yes,10/29/2024,Waller Inc
Ne96340796133,Kyle Smith,Female,53,Paulberg,Illinois,No,9/9/2024,"Bailey, Palmer and Kim"
Tp73734225019,Shawn Ryan,Female,33,West Ronniehaven,Florida,No,10/5/2024,"Valentine, Hernandez and Rosales"
FQ66857668199,Seth Cantu,Female,59,Lake Isabella,Florida,Yes,4/2/2026,Mcdaniel-Carpenter
el29863306304,Jacob Martin,Female,58,South Emilytown,Texas,Yes,5/11/2025,White Group
na61430825963,Derrick Harris DVM,Female,55,Port Gregoryberg,Florida,Yes,10/15/2024,Walter Group
tX42310290434,David Mccormick,Female,61,South Elizabeth,Texas,Yes,8/6/2024,Jones-Bowers
IQ43215493589,Mr. Ian Miller PhD,Female,24,East Jennifer,California,No,2/8/2026,Maxwell PLC
FK09115437645,Erika Ruiz,Male,59,South Annmouth,Florida,No,11/18/2024,"Spencer, Pacheco and Cross"
Cw70834270255,Austin Fox,Female,60,Michaelland,Texas,Yes,11/19/2025,Roberson Group
XO19754389003,Juan Mooney,Female,34,East Sean,Illinois,No,3/3/2026,Brooks Inc
DK77553915485,Jennifer Williams,Female,43,West Michael,Texas,Yes,4/5/2026,Nelson-Leach
fj26733859897,Joshua Rodriguez,Female,25,East Shane,New York,No,5/23/2024,Glenn Ltd
iK08595576190,Ricardo Turner,Female,33,Williamsside,Texas,No,3/14/2025,Smith Inc
MT16990180979,Tyler King,Female,61,East Kirkbury,Texas,Yes,8/27/2025,"Crawford, Davis and Reynolds"
Oz27466174716,Christine Zuniga,Male,24,Snowstad,Illinois,Yes,1/26/2025,Cooley-Manning
zx30094575144,Michael Compton,Male,37,North Matthewmouth,Illinois,No,12/10/2025,"Gray, Gonzales and Jordan"
yo02125285194,John Meyer,Male,38,Richardfort,Illinois,No,11/19/2025,"Cook, Santana and Shaffer"
EF45878538759,Catherine Jones,Male,48,North Whitney,Illinois,No,7/5/2025,Evans-Acosta
IV22710133149,Molly Castillo,Male,37,Port Katie,Illinois,Yes,10/22/2024,"Moody, Carroll and Fitzgerald"
Po13461261661,Austin Johnson,Male,55,Deleonmouth,Florida,No,5/10/2025,"Rogers, Cain and Long"
vp88117734085,Michelle Hernandez,Female,47,Joannchester,Texas,No,3/3/2025,Mullins Ltd
Pn16248325202,Scott Warner,Female,37,Patrickton,Florida,Yes,4/25/2026,"Martin, Williams and Oneal"
BU74785092565,Adam Salas,Female,63,South Jennifer,California,Yes,10/10/2024,Garrett LLC
Dc12869651397,James Mason,Male,47,Johnstad,Florida,No,2/6/2025,Rodriguez LLC
Ut95732001741,Angela Green,Female,58,South Amyview,California,Yes,2/23/2025,Gray-Aguilar
Af83275531953,Carolyn Dixon,Female,39,South Mark,Texas,Yes,12/12/2024,Jimenez LLC
IT44024144974,Steven Barker,Male,38,South Rachelburgh,Illinois,No,12/20/2025,"Wilson, Powers and Miranda"
TW48022867769,Alex Adams,Male,22,Port Theresa,Illinois,Yes,10/24/2025,Wallace-Martin
rL29100048165,Sara Benson,Female,33,Theresastad,New York,Yes,1/3/2025,Morgan-Howard
PC20728793304,William Gonzalez,Female,30,Gillespieport,New York,Yes,11/10/2025,Espinoza-Harvey
jt14016604928,Jonathan Garcia,Male,60,Douglasfurt,California,Yes,5/10/2026,Pineda-Strickland
RU01548934102,Kyle Smith,Male,42,Phillipborough,Florida,No,1/12/2025,Williams Ltd
OK37980820108,Joe Anderson Jr.,Female,54,West Isaactown,New York,No,12/25/2024,"Stokes, Vasquez and Foster"
jV23397174800,Sean Jordan,Male,33,North Ambertown,Texas,Yes,3/28/2026,"Howard, Ramirez and Ramirez"
pS66809285084,Jennifer Johnson,Male,35,West David,California,Yes,5/27/2024,"Martinez, Wilson and Stevens"
Fq61143081881,Rebecca Bowman,Male,39,East Cassandra,California,Yes,2/13/2025,Hernandez-Richardson
Ba42753166897,Lindsay Wood,Female,36,South Davidtown,New York,No,5/21/2025,Castillo-Velez
Aq01902129669,Emily Snow DDS,Male,42,Chandlerland,New York,No,7/22/2025,Padilla PLC
iu16275095899,Peter Clark,Male,60,Port Teresahaven,California,No,12/28/2024,"Ellis, Vargas and Nelson"
ha77009110578,Jill Moreno,Female,39,Davidhaven,California,No,10/18/2025,"Thomas, Guerra and Lawrence"
XR74086350342,Jessica Benjamin,Male,63,New Travisfort,Illinois,Yes,7/9/2024,Erickson-Shaffer
ME85083804144,Samantha Luna,Female,24,Jennamouth,New York,Yes,5/1/2026,Scott-Moreno
sy97899196248,Wendy Edwards,Male,25,Johnshire,New York,No,11/18/2025,"Fox, Dickerson and Hernandez"
ZM33340091616,Tiffany Thompson,Female,53,West Nathanmouth,Texas,No,6/24/2025,Kidd Group
lD42082301684,Stephanie Pierce,Male,22,Simmonsberg,Florida,Yes,7/31/2024,"May, Ford and Colon"
XM82424584913,Alyssa Jenkins,Female,52,Harristown,Florida,No,2/25/2026,"Russo, Lee and Jenkins"
on33801686704,Danielle Chambers,Male,33,Mariofurt,California,Yes,12/19/2024,"Sims, Moreno and Wang"
kw63129375852,Jody Bryan,Male,38,North Courtneyborough,Illinois,Yes,12/4/2024,Mcdonald-Dean
Gt91808398469,Jane Greer,Female,26,New Daniel,New York,No,3/3/2026,Klein-Orr
Ob17215865257,Carlos Parrish,Female,42,Michaelmouth,New York,No,6/19/2025,Brock Ltd
Vc97371446505,Jennifer Wong,Female,46,West Heather,Texas,Yes,2/28/2025,Mitchell-Freeman
vi21180980549,Melinda Frazier,Female,28,South Ann,California,Yes,1/28/2026,Jackson and Sons
ZT39753890476,Wendy Holmes,Male,49,Port Francisco,Illinois,Yes,2/12/2025,Mclean and Sons
AN13188719681,Caroline Rose,Female,65,Lake Erinside,New York,Yes,12/31/2025,"Lara, Johnson and Austin"
SY87700852948,Jasmine Stewart,Male,24,Bridgesview,Texas,Yes,12/6/2025,Blevins and Sons
hk56818685779,Annette Mitchell,Male,36,New Ernest,Florida,Yes,12/21/2025,"Munoz, Santiago and Mack"
st44419091019,Michael Howell,Female,62,Lake Andrea,New York,No,8/11/2024,"Holmes, Anderson and Callahan"
eg20910792850,Sara Williams,Male,42,New Margaret,New York,No,5/29/2025,"Levine, Watkins and Edwards"
lh45249827382,Raymond Ford,Male,59,Ramirezstad,Illinois,No,9/5/2025,Farmer LLC
WG12742550263,Laura West,Female,54,Justinburgh,Florida,Yes,7/16/2024,Boyer PLC
fK52417366461,Thomas Webster,Male,27,West Joseph,California,Yes,4/23/2025,Lucero-Melendez
WU49572861214,Daniel Preston,Female,36,New Jamesbury,Illinois,No,6/19/2025,Gay-Weber
be47513750148,Michael Valdez,Male,27,Robinville,Texas,Yes,10/4/2024,Lane-Baxter
Ft77691078581,Michael Collier,Female,52,East Brittany,California,No,2/11/2026,Simmons-Wright
Bc72366128001,Jessica Carlson,Female,58,West Gregoryfurt,New York,Yes,9/29/2024,Krueger-Stevenson
xj96087516595,Lawrence Wilkinson MD,Female,56,Bellmouth,Texas,Yes,8/4/2025,Roberts and Sons
TH76713801600,Alexandra Howell,Male,44,Port Anna,Illinois,No,10/21/2024,"Parker, Morales and James"
tx65623273848,Kristen Young,Male,23,Lake Davidmouth,California,Yes,9/14/2024,Stuart-Burton
Bq09090422632,Keith Oliver,Male,37,New Christinechester,Texas,Yes,12/7/2025,"White, Rodriguez and Franco"
ix88874580031,Christopher Lopez,Male,41,Christopherberg,California,No,2/18/2026,Brady-Griffin
XF63791105785,Amanda Davenport,Male,55,South Jerrymouth,California,No,8/29/2025,Benton Inc
ON96763284436,Johnny Knight,Female,41,East Tina,California,Yes,3/11/2026,Hernandez-Strong
LL34426435724,Barbara Brandt,Male,44,Sandersport,New York,No,11/3/2024,Rivera and Sons
zD45822556346,Mitchell Ochoa,Male,55,New Christopher,Florida,Yes,1/30/2026,"Powell, Johnson and Collins"
Ic37377195970,Christina Ramirez,Male,48,Richardberg,Texas,Yes,4/16/2025,Herrera-Ross
zl23890380290,Summer Bell,Male,46,Samuelborough,California,Yes,12/28/2024,"Johnson, Shaffer and Reyes"
wS83068056895,Dr. Catherine Mcdonald,Female,29,New Nicolefurt,New York,Yes,12/30/2025,Garrett Group
SI45587119519,Carrie Bowers,Female,51,Goldenport,California,Yes,9/18/2024,"Cruz, Guerra and Jefferson"
tP03162722260,John Campbell,Male,64,West Thomasside,California,Yes,8/26/2024,Hahn-Floyd
Es13921484963,Robin Miller,Female,38,Fosterburgh,Illinois,No,11/7/2024,"Medina, Randolph and Jones"
Ki39025769639,Kyle Gilbert,Female,46,Port Davidmouth,New York,No,7/15/2025,James Group
DK44553330860,Connie Morales,Male,62,Carterstad,New York,No,4/13/2025,Fisher-Griffin
EU58113927582,Heather Hale,Male,25,Katieborough,New York,Yes,1/29/2026,"Moore, Wise and Woods"
Ls84065731188,Misty Waller,Male,47,Lisaberg,Florida,Yes,11/3/2025,Smith-Carpenter
On82310431795,Christopher Miller,Male,47,East Calvin,Florida,No,4/9/2026,"Abbott, Ramirez and Cooper"
ok10090056731,Ryan Luna,Female,41,Port Laurenhaven,Texas,Yes,7/5/2025,"Mercer, Morgan and Hubbard"
JJ05879378084,Renee Harrison,Female,44,South Ronaldtown,Illinois,No,6/14/2024,"Griffin, Robinson and Miller"
Ym87603093497,Lisa Khan,Male,39,East Daniel,Florida,Yes,4/29/2026,Little-Watson
sr34075341261,Anita Cantrell,Male,29,Javierburgh,Texas,No,7/5/2024,Richmond Ltd
Vu54389838193,Joseph Daniels,Female,63,New Philip,Illinois,No,12/20/2024,Young LLC
OZ63443237279,Angela Hernandez,Female,36,Lake Michael,Florida,No,5/12/2024,"Love, French and Gilbert"
qf17378012220,Megan Harper,Female,61,East Michaelburgh,Texas,No,12/4/2025,Howard LLC
bg55348569177,Ricardo Beck,Female,31,Clarkfurt,Texas,Yes,2/9/2025,"Gutierrez, Henson and Hess"
YV63799994812,Craig Campbell,Male,58,South Ralph,Florida,No,4/30/2026,Huffman Ltd
IR84408475877,Brandy Perez,Male,48,East Alyssabury,Florida,Yes,11/15/2024,Lutz Group
tT25738558893,Michael Banks,Female,36,Port Brettton,New York,Yes,7/7/2024,"Cooper, West and Pineda"
CK89798201510,Jimmy Munoz,Male,41,Chelseaberg,Texas,No,5/12/2025,Garrett-Williams
oF38216067967,Breanna Cervantes,Male,26,West Meagan,Florida,Yes,12/26/2024,Fleming-Johnson
rE98087794840,Mary Robinson,Female,64,Port Stephenville,Florida,No,8/30/2024,Berry LLC
Vz89054557992,Amy Hubbard,Female,64,Ethanchester,Texas,No,4/16/2026,Cook-Lopez
Hq00102084746,Dr. Susan Davis,Male,36,South Lisamouth,Illinois,Yes,3/18/2025,Giles LLC
jb07284533117,Alexandra Murphy,Male,55,Perezview,Illinois,Yes,4/22/2026,Smith PLC
ay46343940735,Paul Stafford,Female,59,Martinshire,Texas,Yes,9/15/2024,Russell-Greer
ki42890135471,Robert Johnson,Male,38,Lake Jason,Florida,Yes,6/1/2024,Brown Group
zW45286680552,Charlene Jackson,Female,60,Rebeccamouth,Florida,No,1/22/2026,"Hopkins, Wright and Hunter"
qh29761829907,Anthony Hart,Female,52,Cantrelltown,Illinois,No,11/15/2025,"Hensley, Bailey and Grant"
pJ44603447148,Russell Stanton,Female,26,Dawsonshire,Illinois,No,10/5/2024,"Howard, Davis and Thomas"
HV77708915668,Robert Barton,Male,38,West Kristinaside,Texas,No,8/7/2025,"Cook, Goodwin and Carr"
yf52384896617,Timothy Johnson,Female,52,North Jameshaven,Illinois,No,6/6/2024,Gonzalez-Mack
Cx80949570512,Danielle English,Female,59,Roberttown,Texas,No,2/21/2026,West PLC
MK58448847135,Tammy Levy,Male,44,Davisburgh,Florida,Yes,8/5/2024,Rojas LLC
jc39225595008,Amanda Rubio,Male,36,East Margaret,Illinois,No,1/28/2025,"Wright, Rubio and Riggs"
FJ94139375113,Mr. Matthew Reeves DDS,Female,26,North Kristaport,Texas,Yes,6/28/2024,Cain-Flowers
LA24112936790,Robert Delacruz,Female,52,Waltertown,Illinois,No,8/2/2024,Monroe-Farrell
Xe59095145667,Monica Mason,Male,35,East Eddietown,Illinois,Yes,6/4/2025,Howell-Reeves
ga79326507066,Samuel Foster,Male,60,Carlaburgh,California,No,4/12/2025,"Sosa, Reyes and Hart"
bA52961313115,William Ramos,Male,61,Jenniferburgh,California,Yes,6/5/2024,Marks Ltd
yL24211830944,Matthew Austin,Female,49,South James,Illinois,Yes,2/26/2026,"Davis, Sheppard and Harris"
wb86186476080,David Mendez,Female,51,Johnstonview,Texas,No,8/2/2025,Robinson-Santiago
TD93287533521,Kayla Ward,Male,23,Davidton,New York,Yes,3/25/2025,Trujillo-Richard
jM07425577600,Michelle Franklin,Female,58,Jonesborough,California,No,12/5/2025,Thomas Group
GF18975918136,Jessica Carson,Female,64,Morganside,New York,No,3/28/2026,Ortiz Inc
od18281603491,Shannon Conner,Female,36,East Jonathan,California,Yes,8/29/2025,Lee-Baker
zm99344927321,Stephanie Martinez,Female,32,Curryland,California,Yes,12/21/2025,Turner PLC
Qm46918022526,Maria Fowler,Female,55,West Michael,Texas,No,1/5/2025,Burke PLC
oC45364912111,Carlos Barnes,Male,32,South Joshua,Illinois,Yes,1/19/2025,"Brown, Garrett and Short"
Gr45970024465,Daniel Williams,Male,63,West Christinatown,Texas,No,9/19/2025,Davis-Mosley
PB76171354898,James White,Male,42,Anitaview,New York,No,11/27/2024,"Davis, Whitney and Charles"
xV37220916167,David Bush,Male,32,East Laurenton,New York,Yes,4/4/2026,Carey LLC
nn58221863163,Emily Barry,Female,65,Whitefurt,New York,Yes,12/12/2025,Roberts Group
Fr28316106087,Holly Mitchell,Female,31,Ryanmouth,Texas,Yes,4/18/2025,"Andrade, Garcia and Miller"
Dq91386385395,Kristina Robinson,Male,23,West Tammy,New York,No,11/2/2025,"Logan, Davis and Brown"
GL36784685885,Samantha Robinson,Female,44,Port Patriciashire,Florida,Yes,10/7/2024,Howe-Martin
Mr58011395220,Paul Maxwell,Female,51,New Meaganmouth,Illinois,Yes,11/1/2024,Rodgers PLC
OE28704873980,Anthony Farmer,Female,60,Gilbertburgh,Illinois,Yes,12/22/2024,Hunt-Gutierrez
Gp51164468960,Ashley Anthony,Male,27,Lake Christine,California,Yes,12/7/2024,Conner-Rodriguez
ek14339047259,Thomas Burnett,Male,48,Hernandezville,Texas,No,2/1/2025,"Young, Gray and Nguyen"
od73964069671,Robert Newman,Female,59,North Jeffreyside,California,No,12/13/2024,White-Soto
YC78952733618,Gina Kemp,Female,65,Jacobton,Florida,No,12/28/2024,Lee-Odonnell
zI35919280142,Barry Stark,Female,34,Garciachester,Illinois,Yes,7/23/2024,Miller Group
Xl25069046919,Christine Jordan,Male,40,North Ashleytown,California,Yes,1/15/2025,"Robbins, Montes and Anderson"
oz80612103644,Denise Hanna,Male,34,Evansborough,Florida,No,12/24/2025,Torres-Robertson
DK40937214909,Kelly Larson,Male,28,East Courtneyland,Illinois,No,3/19/2026,Cook PLC
,,,,,,,,
,,,,,,,,
,,,,,,,,
,,,,,,,,
,,,,,,,,
,,,,,,,,
,,,,,,,,
,,,,,,,,
,,,,,,,,
,,,,,,,,
,,,,,,,,
,,,,,,,,
,,,,,,,,
,,,,,,,,
,,,,,,,,
,,,,,,,,
,,,,,,,,
,,,,,,,,
,,,,,,,,
,,,,,,,,
,,,,,,,,
,,,,,,,,
,,,,,,,,
,,,,,,,,
,,,,,,,,
,,,,,,,,
,,,,,,,,
,,,,,,,,
,,,,,,,,
,,,,,,,,
,,,,,,,,
,,,,,,,,
,,,,,,,,
,,,,,,,,
,,,,,,,,
,,,,,,,,
,,,,,,,,
,,,,,,,,
,,,,,,,,
,,,,,,,,
,,,,,,,,
,,,,,,,,
,,,,,,,,
,,,,,,,,
,,,,,,,,
,,,,,,,,
,,,,,,,,
,,,,,,,,
,,,,,,,,
,,,,,,,,
,,,,,,,,
,,,,,,,,
,,,,,,,,
,,,,,,,,
,,,,,,,,
,,,,,,,,
,,,,,,,,
,,,,,,,,
,,,,,,,,
,,,,,,,,
,,,,,,,,
,,,,,,,,
,,,,,,,,
,,,,,,,,
,,,,,,,,
,,,,,,,,
,,,,,,,,
,,,,,,,,
,,,,,,,,
,,,,,,,,
,,,,,,,,
,,,,,,,,
,,,,,,,,
,,,,,,,,
,,,,,,,,
,,,,,,,,
,,,,,,,,
,,,,,,,,
,,,,,,,,
,,,,,,,,
,,,,,,,,
,,,,,,,,
,,,,,,,,
,,,,,,,,
,,,,,,,,
,,,,,,,,
,,,,,,,,
,,,,,,,,
,,,,,,,,
,,,,,,,,
,,,,,,,,
,,,,,,,,
,,,,,,,,
,,,,,,,,
,,,,,,,,
,,,,,,,,
,,,,,,,,
,,,,,,,,
,,,,,,,,
,,,,,,,,
,,,,,,,,
,,,,,,,,
,,,,,,,,
,,,,,,,,
,,,,,,,,
,,,,,,,,
,,,,,,,,
,,,,,,,,
,,,,,,,,
,,,,,,,,
,,,,,,,,
,,,,,,,,
,,,,,,,,
,,,,,,,,
,,,,,,,,
,,,,,,,,
,,,,,,,,
,,,,,,,,
,,,,,,,,
,,,,,,,,
,,,,,,,,
,,,,,,,,
,,,,,,,,
,,,,,,,,
,,,,,,,,
,,,,,,,,
,,,,,,,,
,,,,,,,,
,,,,,,,,
,,,,,,,,
,,,,,,,,
,,,,,,,,
,,,,,,,,
,,,,,,,,
,,,,,,,,
,,,,,,,,
,,,,,,,,
,,,,,,,,
,,,,,,,,
,,,,,,,,
,,,,,,,,
,,,,,,,,
,,,,,,,,
,,,,,,,,
,,,,,,,,
,,,,,,,,
,,,,,,,,
,,,,,,,,
,,,,,,,,
,,,,,,,,